question_id,source_tex_file,source_question_number,topic,subtopic,difficulty,practice_level,question_type,parse_status,missing_options,missing_solution,student_visible
LATEX_CAT_QUANT_CAT_HARDENED_QA_SIMULATION_N76XF_Q001,content/cat/practice/latex_sources/CAT_Hardened_QA_Simulation.tex,1,Arithmetic,Time,Hard,Intermediate,TITA,full_parse,false,false,true
LATEX_CAT_QUANT_CAT_HARDENED_QA_SIMULATION_N76XF_Q002,content/cat/practice/latex_sources/CAT_Hardened_QA_Simulation.tex,2,Arithmetic,Mixtures and Replacement,Very Hard,Advanced,TITA,full_parse,false,false,true
LATEX_CAT_QUANT_CAT_HARDENED_QA_SIMULATION_N76XF_Q003,content/cat/practice/latex_sources/CAT_Hardened_QA_Simulation.tex,3,Arithmetic,Time and Work,Hard,Intermediate,TITA,full_parse,false,false,true
LATEX_CAT_QUANT_CAT_HARDENED_QA_SIMULATION_N76XF_Q004,content/cat/practice/latex_sources/CAT_Hardened_QA_Simulation.tex,4,Arithmetic,Profit,Medium-Hard,Intermediate,TITA,full_parse,false,false,true
LATEX_CAT_QUANT_CAT_HARDENED_QA_SIMULATION_N76XF_Q005,content/cat/practice/latex_sources/CAT_Hardened_QA_Simulation.tex,5,Arithmetic,Averages and Ratios,Hard,Intermediate,TITA,full_parse,false,false,true
LATEX_CAT_QUANT_CAT_HARDENED_QA_SIMULATION_N76XF_Q006,content/cat/practice/latex_sources/CAT_Hardened_QA_Simulation.tex,6,Algebra,Functional Equations,Hard,Intermediate,TITA,full_parse,false,false,true
LATEX_CAT_QUANT_CAT_HARDENED_QA_SIMULATION_N76XF_Q007,content/cat/practice/latex_sources/CAT_Hardened_QA_Simulation.tex,7,Algebra,Logarithms,Hard,Intermediate,TITA,full_parse,false,false,true
LATEX_CAT_QUANT_CAT_HARDENED_QA_SIMULATION_N76XF_Q008,content/cat/practice/latex_sources/CAT_Hardened_QA_Simulation.tex,8,Algebra,Inequalities with Constraints,Very Hard,Advanced,TITA,full_parse,false,false,true
LATEX_CAT_QUANT_CAT_HARDENED_QA_SIMULATION_N76XF_Q009,content/cat/practice/latex_sources/CAT_Hardened_QA_Simulation.tex,9,Algebra,Quadratic Equations,Medium-Hard,Intermediate,TITA,full_parse,false,false,true
LATEX_CAT_QUANT_CAT_HARDENED_QA_SIMULATION_N76XF_Q010,content/cat/practice/latex_sources/CAT_Hardened_QA_Simulation.tex,10,Number System,Remainders / CRT,Very Hard,Advanced,TITA,full_parse,false,false,true
LATEX_CAT_QUANT_CAT_HARDENED_QA_SIMULATION_N76XF_Q011,content/cat/practice/latex_sources/CAT_Hardened_QA_Simulation.tex,11,Number System,Divisibility and Inclusion--Exclusion,Hard,Intermediate,TITA,full_parse,false,false,true
LATEX_CAT_QUANT_CAT_HARDENED_QA_SIMULATION_N76XF_Q012,content/cat/practice/latex_sources/CAT_Hardened_QA_Simulation.tex,12,Number System,Digits and Divisibility,Hard,Intermediate,TITA,full_parse,false,false,true
LATEX_CAT_QUANT_CAT_HARDENED_QA_SIMULATION_N76XF_Q013,content/cat/practice/latex_sources/CAT_Hardened_QA_Simulation.tex,13,Geometry,Triangles,Hard,Intermediate,TITA,full_parse,false,false,true
LATEX_CAT_QUANT_CAT_HARDENED_QA_SIMULATION_N76XF_Q014,content/cat/practice/latex_sources/CAT_Hardened_QA_Simulation.tex,14,Mensuration,Circles and Tangents,Hard,Intermediate,TITA,full_parse,false,false,true
LATEX_CAT_QUANT_CAT_HARDENED_QA_SIMULATION_N76XF_Q015,content/cat/practice/latex_sources/CAT_Hardened_QA_Simulation.tex,15,Geometry,Coordinate Geometry and Optimisation,Very Hard,Advanced,TITA,full_parse,false,false,true
LATEX_CAT_QUANT_CAT_HARDENED_QUANT_PAPER_O405F_Q001,content/cat/practice/latex_sources/CAT_Hardened_Quant_Paper.tex,1,Arithmetic,Profit & Loss,Medium-Hard,Intermediate,MCQ,full_parse,false,false,true
LATEX_CAT_QUANT_CAT_HARDENED_QUANT_PAPER_O405F_Q002,content/cat/practice/latex_sources/CAT_Hardened_Quant_Paper.tex,2,Arithmetic,Time & Work / Pipes,Hard,Intermediate,TITA,full_parse,false,false,true
LATEX_CAT_QUANT_CAT_HARDENED_QUANT_PAPER_O405F_Q003,content/cat/practice/latex_sources/CAT_Hardened_Quant_Paper.tex,3,Arithmetic,Time,Hard,Intermediate,MCQ,full_parse,false,false,true
LATEX_CAT_QUANT_CAT_HARDENED_QUANT_PAPER_O405F_Q004,content/cat/practice/latex_sources/CAT_Hardened_Quant_Paper.tex,4,Arithmetic,Mixtures & Alligation,Medium-Hard,Intermediate,MCQ,full_parse,false,false,true
LATEX_CAT_QUANT_CAT_HARDENED_QUANT_PAPER_O405F_Q005,content/cat/practice/latex_sources/CAT_Hardened_Quant_Paper.tex,5,Arithmetic,Time & Work,Hard,Intermediate,TITA,full_parse,false,false,true
LATEX_CAT_QUANT_CAT_HARDENED_QUANT_PAPER_O405F_Q006,content/cat/practice/latex_sources/CAT_Hardened_Quant_Paper.tex,6,Algebra,Quadratics / Integer feasibility,Hard,Intermediate,MCQ,full_parse,false,false,true
LATEX_CAT_QUANT_CAT_HARDENED_QUANT_PAPER_O405F_Q007,content/cat/practice/latex_sources/CAT_Hardened_Quant_Paper.tex,7,Algebra,Inequalities with parameter,Hard,Intermediate,MCQ,full_parse,false,false,true
LATEX_CAT_QUANT_CAT_HARDENED_QUANT_PAPER_O405F_Q008,content/cat/practice/latex_sources/CAT_Hardened_Quant_Paper.tex,8,Algebra,Functional equations,Hard,Intermediate,TITA,full_parse,false,false,true
LATEX_CAT_QUANT_CAT_HARDENED_QUANT_PAPER_O405F_Q009,content/cat/practice/latex_sources/CAT_Hardened_Quant_Paper.tex,9,Algebra,Symmetric polynomials / Optimisation,Very Hard,Advanced,MCQ,full_parse,false,false,true
LATEX_CAT_QUANT_CAT_HARDENED_QUANT_PAPER_O405F_Q010,content/cat/practice/latex_sources/CAT_Hardened_Quant_Paper.tex,10,Number System,Divisibility,Hard,Intermediate,TITA,full_parse,false,false,true
LATEX_CAT_QUANT_CAT_HARDENED_QUANT_PAPER_O405F_Q011,content/cat/practice/latex_sources/CAT_Hardened_Quant_Paper.tex,11,Number System,Remainders / CRT,Medium-Hard,Intermediate,MCQ,full_parse,false,false,true
LATEX_CAT_QUANT_CAT_HARDENED_QUANT_PAPER_O405F_Q012,content/cat/practice/latex_sources/CAT_Hardened_Quant_Paper.tex,12,Number System,Base representation / Factorials,Hard,Intermediate,MCQ,full_parse,false,false,true
LATEX_CAT_QUANT_CAT_HARDENED_QUANT_PAPER_O405F_Q013,content/cat/practice/latex_sources/CAT_Hardened_Quant_Paper.tex,13,Geometry,Triangles / Cevians,Hard,Intermediate,MCQ,full_parse,false,false,true
LATEX_CAT_QUANT_CAT_HARDENED_QUANT_PAPER_O405F_Q014,content/cat/practice/latex_sources/CAT_Hardened_Quant_Paper.tex,14,Geometry,Triangle / Incircle,Very Hard,Advanced,TITA,full_parse,false,false,true
LATEX_CAT_QUANT_CAT_HARDENED_QUANT_PAPER_O405F_Q015,content/cat/practice/latex_sources/CAT_Hardened_Quant_Paper.tex,15,Mensuration,Cone & inscribed spheres,Very Hard,Advanced,TITA,full_parse,false,false,true
LATEX_CAT_QUANT_CAT_MODERN_MATH_PRACTICE_BANK_1_DZ42F_Q001,content/cat/practice/latex_sources/CAT_Modern_Math_Practice_Bank (1).tex,1,CAT Quant,Mixed,Unmapped,Beginner,TITA,full_parse,false,false,true
LATEX_CAT_QUANT_CAT_MODERN_MATH_PRACTICE_BANK_1_DZ42F_Q002,content/cat/practice/latex_sources/CAT_Modern_Math_Practice_Bank (1).tex,2,CAT Quant,Mixed,Unmapped,Beginner,TITA,full_parse,false,false,true
LATEX_CAT_QUANT_CAT_MODERN_MATH_PRACTICE_BANK_1_DZ42F_Q003,content/cat/practice/latex_sources/CAT_Modern_Math_Practice_Bank (1).tex,3,CAT Quant,Mixed,Unmapped,Beginner,TITA,full_parse,false,false,true
LATEX_CAT_QUANT_CAT_MODERN_MATH_PRACTICE_BANK_1_DZ42F_Q004,content/cat/practice/latex_sources/CAT_Modern_Math_Practice_Bank (1).tex,4,CAT Quant,Mixed,Unmapped,Beginner,TITA,full_parse,false,false,true
LATEX_CAT_QUANT_CAT_MODERN_MATH_PRACTICE_BANK_1_DZ42F_Q005,content/cat/practice/latex_sources/CAT_Modern_Math_Practice_Bank (1).tex,5,CAT Quant,Mixed,Unmapped,Beginner,TITA,full_parse,false,false,true
LATEX_CAT_QUANT_CAT_MODERN_MATH_PRACTICE_BANK_1_DZ42F_Q006,content/cat/practice/latex_sources/CAT_Modern_Math_Practice_Bank (1).tex,6,CAT Quant,Mixed,Unmapped,Beginner,TITA,full_parse,false,false,true
LATEX_CAT_QUANT_CAT_MODERN_MATH_PRACTICE_BANK_1_DZ42F_Q007,content/cat/practice/latex_sources/CAT_Modern_Math_Practice_Bank (1).tex,7,CAT Quant,Mixed,Unmapped,Beginner,TITA,full_parse,false,false,true
LATEX_CAT_QUANT_CAT_MODERN_MATH_PRACTICE_BANK_1_DZ42F_Q008,content/cat/practice/latex_sources/CAT_Modern_Math_Practice_Bank (1).tex,8,CAT Quant,Mixed,Unmapped,Beginner,TITA,full_parse,false,false,true
LATEX_CAT_QUANT_CAT_MODERN_MATH_PRACTICE_BANK_1_DZ42F_Q009,content/cat/practice/latex_sources/CAT_Modern_Math_Practice_Bank (1).tex,9,CAT Quant,Mixed,Unmapped,Beginner,TITA,full_parse,false,false,true
LATEX_CAT_QUANT_CAT_MODERN_MATH_PRACTICE_BANK_1_DZ42F_Q010,content/cat/practice/latex_sources/CAT_Modern_Math_Practice_Bank (1).tex,10,CAT Quant,Mixed,Unmapped,Beginner,TITA,full_parse,false,false,true
LATEX_CAT_QUANT_CAT_MODERN_MATH_PRACTICE_BANK_1_DZ42F_Q011,content/cat/practice/latex_sources/CAT_Modern_Math_Practice_Bank (1).tex,11,CAT Quant,Mixed,Unmapped,Beginner,TITA,full_parse,false,false,true
LATEX_CAT_QUANT_CAT_MODERN_MATH_PRACTICE_BANK_1_DZ42F_Q012,content/cat/practice/latex_sources/CAT_Modern_Math_Practice_Bank (1).tex,12,CAT Quant,Mixed,Unmapped,Beginner,TITA,full_parse,false,false,true
LATEX_CAT_QUANT_CAT_MODERN_MATH_PRACTICE_BANK_1_DZ42F_Q013,content/cat/practice/latex_sources/CAT_Modern_Math_Practice_Bank (1).tex,13,CAT Quant,Mixed,Unmapped,Beginner,TITA,full_parse,false,false,true
LATEX_CAT_QUANT_CAT_MODERN_MATH_PRACTICE_BANK_1_DZ42F_Q014,content/cat/practice/latex_sources/CAT_Modern_Math_Practice_Bank (1).tex,14,CAT Quant,Mixed,Unmapped,Beginner,TITA,full_parse,false,false,true
LATEX_CAT_QUANT_CAT_MODERN_MATH_PRACTICE_BANK_1_DZ42F_Q015,content/cat/practice/latex_sources/CAT_Modern_Math_Practice_Bank (1).tex,15,CAT Quant,Mixed,Unmapped,Beginner,TITA,full_parse,false,false,true
LATEX_CAT_QUANT_CAT_MODERN_MATH_PRACTICE_BANK_1_DZ42F_Q016,content/cat/practice/latex_sources/CAT_Modern_Math_Practice_Bank (1).tex,16,CAT Quant,Mixed,Unmapped,Beginner,TITA,full_parse,false,false,true
LATEX_CAT_QUANT_CAT_MODERN_MATH_PRACTICE_BANK_1_DZ42F_Q017,content/cat/practice/latex_sources/CAT_Modern_Math_Practice_Bank (1).tex,17,CAT Quant,Mixed,Unmapped,Beginner,TITA,full_parse,false,false,true
LATEX_CAT_QUANT_CAT_MODERN_MATH_PRACTICE_BANK_1_DZ42F_Q018,content/cat/practice/latex_sources/CAT_Modern_Math_Practice_Bank (1).tex,18,CAT Quant,Mixed,Unmapped,Beginner,TITA,full_parse,false,false,true
LATEX_CAT_QUANT_CAT_MODERN_MATH_PRACTICE_BANK_1_DZ42F_Q019,content/cat/practice/latex_sources/CAT_Modern_Math_Practice_Bank (1).tex,19,CAT Quant,Mixed,Unmapped,Beginner,TITA,full_parse,false,false,true
LATEX_CAT_QUANT_CAT_MODERN_MATH_PRACTICE_BANK_1_DZ42F_Q020,content/cat/practice/latex_sources/CAT_Modern_Math_Practice_Bank (1).tex,20,CAT Quant,Mixed,Unmapped,Beginner,TITA,full_parse,false,false,true
LATEX_CAT_QUANT_CAT_MODERN_MATH_PRACTICE_BANK_EEWTC_Q001,content/cat/practice/latex_sources/CAT_Modern_Math_Practice_Bank.tex,1,CAT Quant,Mixed,Unmapped,Beginner,TITA,full_parse,false,false,true
LATEX_CAT_QUANT_CAT_MODERN_MATH_PRACTICE_BANK_EEWTC_Q002,content/cat/practice/latex_sources/CAT_Modern_Math_Practice_Bank.tex,2,CAT Quant,Mixed,Unmapped,Beginner,TITA,full_parse,false,false,true
LATEX_CAT_QUANT_CAT_MODERN_MATH_PRACTICE_BANK_EEWTC_Q003,content/cat/practice/latex_sources/CAT_Modern_Math_Practice_Bank.tex,3,CAT Quant,Mixed,Unmapped,Beginner,TITA,full_parse,false,false,true
LATEX_CAT_QUANT_CAT_MODERN_MATH_PRACTICE_BANK_EEWTC_Q004,content/cat/practice/latex_sources/CAT_Modern_Math_Practice_Bank.tex,4,CAT Quant,Mixed,Unmapped,Beginner,TITA,full_parse,false,false,true
LATEX_CAT_QUANT_CAT_MODERN_MATH_PRACTICE_BANK_EEWTC_Q005,content/cat/practice/latex_sources/CAT_Modern_Math_Practice_Bank.tex,5,CAT Quant,Mixed,Unmapped,Beginner,TITA,full_parse,false,false,true
LATEX_CAT_QUANT_CAT_MODERN_MATH_PRACTICE_BANK_EEWTC_Q006,content/cat/practice/latex_sources/CAT_Modern_Math_Practice_Bank.tex,6,CAT Quant,Mixed,Unmapped,Beginner,TITA,full_parse,false,false,true
LATEX_CAT_QUANT_CAT_MODERN_MATH_PRACTICE_BANK_EEWTC_Q007,content/cat/practice/latex_sources/CAT_Modern_Math_Practice_Bank.tex,7,CAT Quant,Mixed,Unmapped,Beginner,TITA,full_parse,false,false,true
LATEX_CAT_QUANT_CAT_MODERN_MATH_PRACTICE_BANK_EEWTC_Q008,content/cat/practice/latex_sources/CAT_Modern_Math_Practice_Bank.tex,8,CAT Quant,Mixed,Unmapped,Beginner,TITA,full_parse,false,false,true
LATEX_CAT_QUANT_CAT_MODERN_MATH_PRACTICE_BANK_EEWTC_Q009,content/cat/practice/latex_sources/CAT_Modern_Math_Practice_Bank.tex,9,CAT Quant,Mixed,Unmapped,Beginner,TITA,full_parse,false,false,true
LATEX_CAT_QUANT_CAT_MODERN_MATH_PRACTICE_BANK_EEWTC_Q010,content/cat/practice/latex_sources/CAT_Modern_Math_Practice_Bank.tex,10,CAT Quant,Mixed,Unmapped,Beginner,TITA,full_parse,false,false,true
LATEX_CAT_QUANT_CAT_MODERN_MATH_PRACTICE_BANK_EEWTC_Q011,content/cat/practice/latex_sources/CAT_Modern_Math_Practice_Bank.tex,11,CAT Quant,Mixed,Unmapped,Beginner,TITA,full_parse,false,false,true
LATEX_CAT_QUANT_CAT_MODERN_MATH_PRACTICE_BANK_EEWTC_Q012,content/cat/practice/latex_sources/CAT_Modern_Math_Practice_Bank.tex,12,CAT Quant,Mixed,Unmapped,Beginner,TITA,full_parse,false,false,true
LATEX_CAT_QUANT_CAT_MODERN_MATH_PRACTICE_BANK_EEWTC_Q013,content/cat/practice/latex_sources/CAT_Modern_Math_Practice_Bank.tex,13,CAT Quant,Mixed,Unmapped,Beginner,TITA,full_parse,false,false,true
LATEX_CAT_QUANT_CAT_MODERN_MATH_PRACTICE_BANK_EEWTC_Q014,content/cat/practice/latex_sources/CAT_Modern_Math_Practice_Bank.tex,14,CAT Quant,Mixed,Unmapped,Beginner,TITA,full_parse,false,false,true
LATEX_CAT_QUANT_CAT_MODERN_MATH_PRACTICE_BANK_EEWTC_Q015,content/cat/practice/latex_sources/CAT_Modern_Math_Practice_Bank.tex,15,CAT Quant,Mixed,Unmapped,Beginner,TITA,full_parse,false,false,true
LATEX_CAT_QUANT_CAT_MODERN_MATH_PRACTICE_BANK_EEWTC_Q016,content/cat/practice/latex_sources/CAT_Modern_Math_Practice_Bank.tex,16,CAT Quant,Mixed,Unmapped,Beginner,TITA,full_parse,false,false,true
LATEX_CAT_QUANT_CAT_MODERN_MATH_PRACTICE_BANK_EEWTC_Q017,content/cat/practice/latex_sources/CAT_Modern_Math_Practice_Bank.tex,17,CAT Quant,Mixed,Unmapped,Beginner,TITA,full_parse,false,false,true
LATEX_CAT_QUANT_CAT_MODERN_MATH_PRACTICE_BANK_EEWTC_Q018,content/cat/practice/latex_sources/CAT_Modern_Math_Practice_Bank.tex,18,CAT Quant,Mixed,Unmapped,Beginner,TITA,full_parse,false,false,true
LATEX_CAT_QUANT_CAT_MODERN_MATH_PRACTICE_BANK_EEWTC_Q019,content/cat/practice/latex_sources/CAT_Modern_Math_Practice_Bank.tex,19,CAT Quant,Mixed,Unmapped,Beginner,TITA,full_parse,false,false,true
LATEX_CAT_QUANT_CAT_MODERN_MATH_PRACTICE_BANK_EEWTC_Q020,content/cat/practice/latex_sources/CAT_Modern_Math_Practice_Bank.tex,20,CAT Quant,Mixed,Unmapped,Beginner,TITA,full_parse,false,false,true
LATEX_CAT_QUANT_CAT_QUANT_HIGH_LEVEL_PRACTICE_POOL_4NG28_Q001,content/cat/practice/latex_sources/CAT_Quant_High_Level_Practice_Pool.tex,1,CAT Quant,Mixed,Unmapped,Beginner,TITA,full_parse,false,false,true
LATEX_CAT_QUANT_CAT_QUANT_HIGH_LEVEL_PRACTICE_POOL_4NG28_Q002,content/cat/practice/latex_sources/CAT_Quant_High_Level_Practice_Pool.tex,2,CAT Quant,Mixed,Unmapped,Beginner,TITA,full_parse,false,false,true
LATEX_CAT_QUANT_CAT_QUANT_HIGH_LEVEL_PRACTICE_POOL_4NG28_Q003,content/cat/practice/latex_sources/CAT_Quant_High_Level_Practice_Pool.tex,3,CAT Quant,Mixed,Unmapped,Beginner,TITA,full_parse,false,false,true
LATEX_CAT_QUANT_CAT_QUANT_HIGH_LEVEL_PRACTICE_POOL_4NG28_Q004,content/cat/practice/latex_sources/CAT_Quant_High_Level_Practice_Pool.tex,4,CAT Quant,Mixed,Unmapped,Beginner,TITA,full_parse,false,false,true
LATEX_CAT_QUANT_CAT_QUANT_HIGH_LEVEL_PRACTICE_POOL_4NG28_Q005,content/cat/practice/latex_sources/CAT_Quant_High_Level_Practice_Pool.tex,5,CAT Quant,Mixed,Unmapped,Beginner,TITA,full_parse,false,false,true
LATEX_CAT_QUANT_CAT_QUANT_HIGH_LEVEL_PRACTICE_POOL_4NG28_Q006,content/cat/practice/latex_sources/CAT_Quant_High_Level_Practice_Pool.tex,6,CAT Quant,Mixed,Unmapped,Beginner,TITA,full_parse,false,false,true
LATEX_CAT_QUANT_CAT_QUANT_HIGH_LEVEL_PRACTICE_POOL_4NG28_Q007,content/cat/practice/latex_sources/CAT_Quant_High_Level_Practice_Pool.tex,7,CAT Quant,Mixed,Unmapped,Beginner,TITA,full_parse,false,false,true
LATEX_CAT_QUANT_CAT_QUANT_HIGH_LEVEL_PRACTICE_POOL_4NG28_Q008,content/cat/practice/latex_sources/CAT_Quant_High_Level_Practice_Pool.tex,8,CAT Quant,Mixed,Unmapped,Beginner,TITA,full_parse,false,false,true
LATEX_CAT_QUANT_CAT_QUANT_HIGH_LEVEL_PRACTICE_POOL_4NG28_Q009,content/cat/practice/latex_sources/CAT_Quant_High_Level_Practice_Pool.tex,9,CAT Quant,Mixed,Unmapped,Beginner,TITA,full_parse,false,false,true
LATEX_CAT_QUANT_CAT_QUANT_HIGH_LEVEL_PRACTICE_POOL_4NG28_Q010,content/cat/practice/latex_sources/CAT_Quant_High_Level_Practice_Pool.tex,10,CAT Quant,Mixed,Unmapped,Beginner,TITA,full_parse,false,false,true
LATEX_CAT_QUANT_CAT_QUANT_HIGH_LEVEL_PRACTICE_POOL_4NG28_Q011,content/cat/practice/latex_sources/CAT_Quant_High_Level_Practice_Pool.tex,11,CAT Quant,Mixed,Unmapped,Beginner,TITA,full_parse,false,false,true
LATEX_CAT_QUANT_CAT_QUANT_HIGH_LEVEL_PRACTICE_POOL_4NG28_Q012,content/cat/practice/latex_sources/CAT_Quant_High_Level_Practice_Pool.tex,12,CAT Quant,Mixed,Unmapped,Beginner,TITA,full_parse,false,false,true
LATEX_CAT_QUANT_CAT_QUANT_HIGH_LEVEL_PRACTICE_POOL_4NG28_Q013,content/cat/practice/latex_sources/CAT_Quant_High_Level_Practice_Pool.tex,13,CAT Quant,Mixed,Unmapped,Beginner,TITA,full_parse,false,false,true
LATEX_CAT_QUANT_CAT_QUANT_HIGH_LEVEL_PRACTICE_POOL_4NG28_Q014,content/cat/practice/latex_sources/CAT_Quant_High_Level_Practice_Pool.tex,14,CAT Quant,Mixed,Unmapped,Beginner,TITA,full_parse,false,false,true
LATEX_CAT_QUANT_CAT_QUANT_HIGH_LEVEL_PRACTICE_POOL_4NG28_Q015,content/cat/practice/latex_sources/CAT_Quant_High_Level_Practice_Pool.tex,15,CAT Quant,Mixed,Unmapped,Beginner,TITA,full_parse,false,false,true
LATEX_CAT_QUANT_CAT_QUANT_HIGH_LEVEL_PRACTICE_POOL_4NG28_Q016,content/cat/practice/latex_sources/CAT_Quant_High_Level_Practice_Pool.tex,16,CAT Quant,Mixed,Unmapped,Beginner,TITA,full_parse,false,false,true
LATEX_CAT_QUANT_CAT_QUANT_HIGH_LEVEL_PRACTICE_POOL_4NG28_Q017,content/cat/practice/latex_sources/CAT_Quant_High_Level_Practice_Pool.tex,17,CAT Quant,Mixed,Unmapped,Beginner,TITA,full_parse,false,false,true
LATEX_CAT_QUANT_CAT_QUANT_HIGH_LEVEL_PRACTICE_POOL_4NG28_Q018,content/cat/practice/latex_sources/CAT_Quant_High_Level_Practice_Pool.tex,18,CAT Quant,Mixed,Unmapped,Beginner,TITA,full_parse,false,false,true
LATEX_CAT_QUANT_CAT_QUANT_HIGH_LEVEL_PRACTICE_POOL_4NG28_Q019,content/cat/practice/latex_sources/CAT_Quant_High_Level_Practice_Pool.tex,19,CAT Quant,Mixed,Unmapped,Beginner,TITA,full_parse,false,false,true
LATEX_CAT_QUANT_CAT_QUANT_HIGH_LEVEL_PRACTICE_POOL_4NG28_Q020,content/cat/practice/latex_sources/CAT_Quant_High_Level_Practice_Pool.tex,20,CAT Quant,Mixed,Unmapped,Beginner,TITA,full_parse,false,false,true
LATEX_CAT_QUANT_CAT_QUANT_HIGH_LEVEL_PRACTICE_POOL_4NG28_Q021,content/cat/practice/latex_sources/CAT_Quant_High_Level_Practice_Pool.tex,21,CAT Quant,Mixed,Unmapped,Beginner,TITA,full_parse,false,false,true
LATEX_CAT_QUANT_CAT_QUANT_HIGH_LEVEL_PRACTICE_POOL_4NG28_Q022,content/cat/practice/latex_sources/CAT_Quant_High_Level_Practice_Pool.tex,22,CAT Quant,Mixed,Unmapped,Beginner,TITA,full_parse,false,false,true
LATEX_CAT_QUANT_CAT_QUANT_HIGH_LEVEL_PRACTICE_POOL_4NG28_Q023,content/cat/practice/latex_sources/CAT_Quant_High_Level_Practice_Pool.tex,23,CAT Quant,Mixed,Unmapped,Beginner,TITA,full_parse,false,false,true
LATEX_CAT_QUANT_CAT_QUANT_HIGH_LEVEL_PRACTICE_POOL_4NG28_Q024,content/cat/practice/latex_sources/CAT_Quant_High_Level_Practice_Pool.tex,24,CAT Quant,Mixed,Unmapped,Beginner,TITA,full_parse,false,false,true
LATEX_CAT_QUANT_CAT_QUANT_HIGH_LEVEL_PRACTICE_POOL_4NG28_Q025,content/cat/practice/latex_sources/CAT_Quant_High_Level_Practice_Pool.tex,25,CAT Quant,Mixed,Unmapped,Beginner,TITA,full_parse,false,false,true
LATEX_CAT_QUANT_CAT_QUANT_HIGH_LEVEL_PRACTICE_POOL_4NG28_Q026,content/cat/practice/latex_sources/CAT_Quant_High_Level_Practice_Pool.tex,26,CAT Quant,Mixed,Unmapped,Beginner,TITA,full_parse,false,false,true
LATEX_CAT_QUANT_CAT_QUANT_HIGH_LEVEL_PRACTICE_POOL_4NG28_Q027,content/cat/practice/latex_sources/CAT_Quant_High_Level_Practice_Pool.tex,27,CAT Quant,Mixed,Unmapped,Beginner,TITA,full_parse,false,false,true
LATEX_CAT_QUANT_CAT_QUANT_HIGH_LEVEL_PRACTICE_POOL_4NG28_Q028,content/cat/practice/latex_sources/CAT_Quant_High_Level_Practice_Pool.tex,28,CAT Quant,Mixed,Unmapped,Beginner,TITA,full_parse,false,false,true
LATEX_CAT_QUANT_CAT_QUANT_HIGH_LEVEL_PRACTICE_POOL_4NG28_Q029,content/cat/practice/latex_sources/CAT_Quant_High_Level_Practice_Pool.tex,29,CAT Quant,Mixed,Unmapped,Beginner,TITA,full_parse,false,false,true
LATEX_CAT_QUANT_CAT_QUANT_HIGH_LEVEL_PRACTICE_POOL_4NG28_Q030,content/cat/practice/latex_sources/CAT_Quant_High_Level_Practice_Pool.tex,30,CAT Quant,Mixed,Unmapped,Beginner,TITA,full_parse,false,false,true
LATEX_CAT_QUANT_CAT_QUANT_HIGH_LEVEL_PRACTICE_POOL_4NG28_Q031,content/cat/practice/latex_sources/CAT_Quant_High_Level_Practice_Pool.tex,31,CAT Quant,Mixed,Unmapped,Beginner,TITA,full_parse,false,false,true
LATEX_CAT_QUANT_CAT_QUANT_HIGH_LEVEL_PRACTICE_POOL_4NG28_Q032,content/cat/practice/latex_sources/CAT_Quant_High_Level_Practice_Pool.tex,32,CAT Quant,Mixed,Unmapped,Beginner,TITA,full_parse,false,false,true
LATEX_CAT_QUANT_CAT_QUANT_HIGH_LEVEL_PRACTICE_POOL_4NG28_Q033,content/cat/practice/latex_sources/CAT_Quant_High_Level_Practice_Pool.tex,33,CAT Quant,Mixed,Unmapped,Beginner,TITA,full_parse,false,false,true
LATEX_CAT_QUANT_CAT_QUANT_HIGH_LEVEL_PRACTICE_POOL_4NG28_Q034,content/cat/practice/latex_sources/CAT_Quant_High_Level_Practice_Pool.tex,34,CAT Quant,Mixed,Unmapped,Beginner,TITA,full_parse,false,false,true
LATEX_CAT_QUANT_CAT_QUANT_HIGH_LEVEL_PRACTICE_POOL_4NG28_Q035,content/cat/practice/latex_sources/CAT_Quant_High_Level_Practice_Pool.tex,35,CAT Quant,Mixed,Unmapped,Beginner,TITA,full_parse,false,false,true
LATEX_CAT_QUANT_CAT_QUANT_HIGH_LEVEL_PRACTICE_POOL_4NG28_Q036,content/cat/practice/latex_sources/CAT_Quant_High_Level_Practice_Pool.tex,36,CAT Quant,Mixed,Unmapped,Beginner,TITA,full_parse,false,false,true
LATEX_CAT_QUANT_CAT_QUANT_HIGH_LEVEL_PRACTICE_POOL_4NG28_Q037,content/cat/practice/latex_sources/CAT_Quant_High_Level_Practice_Pool.tex,37,CAT Quant,Mixed,Unmapped,Beginner,TITA,full_parse,false,false,true
LATEX_CAT_QUANT_CAT_QUANT_HIGH_LEVEL_PRACTICE_POOL_4NG28_Q038,content/cat/practice/latex_sources/CAT_Quant_High_Level_Practice_Pool.tex,38,CAT Quant,Mixed,Unmapped,Beginner,TITA,full_parse,false,false,true
LATEX_CAT_QUANT_CAT_QUANT_HIGH_LEVEL_PRACTICE_POOL_4NG28_Q039,content/cat/practice/latex_sources/CAT_Quant_High_Level_Practice_Pool.tex,39,CAT Quant,Mixed,Unmapped,Beginner,TITA,full_parse,false,false,true
LATEX_CAT_QUANT_CAT_QUANT_HIGH_LEVEL_PRACTICE_POOL_4NG28_Q040,content/cat/practice/latex_sources/CAT_Quant_High_Level_Practice_Pool.tex,40,CAT Quant,Mixed,Unmapped,Beginner,TITA,full_parse,false,false,true
LATEX_CAT_QUANT_CAT_QUANT_MODERN_MATH_PRACTICE_BANK_X3A4S_Q001,content/cat/practice/latex_sources/CAT_Quant_Modern_Math_Practice_Bank.tex,1,CAT Quant,Mixed,Unmapped,Beginner,TITA,full_parse,false,false,true
LATEX_CAT_QUANT_CAT_QUANT_MODERN_MATH_PRACTICE_BANK_X3A4S_Q002,content/cat/practice/latex_sources/CAT_Quant_Modern_Math_Practice_Bank.tex,2,CAT Quant,Mixed,Unmapped,Beginner,TITA,full_parse,false,false,true
LATEX_CAT_QUANT_CAT_QUANT_MODERN_MATH_PRACTICE_BANK_X3A4S_Q003,content/cat/practice/latex_sources/CAT_Quant_Modern_Math_Practice_Bank.tex,3,CAT Quant,Mixed,Unmapped,Beginner,TITA,full_parse,false,false,true
LATEX_CAT_QUANT_CAT_QUANT_MODERN_MATH_PRACTICE_BANK_X3A4S_Q004,content/cat/practice/latex_sources/CAT_Quant_Modern_Math_Practice_Bank.tex,4,CAT Quant,Mixed,Unmapped,Beginner,TITA,full_parse,false,false,true
LATEX_CAT_QUANT_CAT_QUANT_MODERN_MATH_PRACTICE_BANK_X3A4S_Q005,content/cat/practice/latex_sources/CAT_Quant_Modern_Math_Practice_Bank.tex,5,CAT Quant,Mixed,Unmapped,Beginner,TITA,full_parse,false,false,true
LATEX_CAT_QUANT_CAT_QUANT_MODERN_MATH_PRACTICE_BANK_X3A4S_Q006,content/cat/practice/latex_sources/CAT_Quant_Modern_Math_Practice_Bank.tex,6,CAT Quant,Mixed,Unmapped,Beginner,TITA,full_parse,false,false,true
LATEX_CAT_QUANT_CAT_QUANT_MODERN_MATH_PRACTICE_BANK_X3A4S_Q007,content/cat/practice/latex_sources/CAT_Quant_Modern_Math_Practice_Bank.tex,7,CAT Quant,Mixed,Unmapped,Beginner,TITA,full_parse,false,false,true
LATEX_CAT_QUANT_CAT_QUANT_MODERN_MATH_PRACTICE_BANK_X3A4S_Q008,content/cat/practice/latex_sources/CAT_Quant_Modern_Math_Practice_Bank.tex,8,CAT Quant,Mixed,Unmapped,Beginner,TITA,full_parse,false,false,true
LATEX_CAT_QUANT_CAT_QUANT_MODERN_MATH_PRACTICE_BANK_X3A4S_Q009,content/cat/practice/latex_sources/CAT_Quant_Modern_Math_Practice_Bank.tex,9,CAT Quant,Mixed,Unmapped,Beginner,TITA,full_parse,false,false,true
LATEX_CAT_QUANT_CAT_QUANT_MODERN_MATH_PRACTICE_BANK_X3A4S_Q010,content/cat/practice/latex_sources/CAT_Quant_Modern_Math_Practice_Bank.tex,10,CAT Quant,Mixed,Unmapped,Beginner,TITA,full_parse,false,false,true
LATEX_CAT_QUANT_CAT_QUANT_MODERN_MATH_PRACTICE_BANK_X3A4S_Q011,content/cat/practice/latex_sources/CAT_Quant_Modern_Math_Practice_Bank.tex,11,CAT Quant,Mixed,Unmapped,Beginner,TITA,full_parse,false,false,true
LATEX_CAT_QUANT_CAT_QUANT_MODERN_MATH_PRACTICE_BANK_X3A4S_Q012,content/cat/practice/latex_sources/CAT_Quant_Modern_Math_Practice_Bank.tex,12,CAT Quant,Mixed,Unmapped,Beginner,TITA,full_parse,false,false,true
LATEX_CAT_QUANT_CAT_QUANT_MODERN_MATH_PRACTICE_BANK_X3A4S_Q013,content/cat/practice/latex_sources/CAT_Quant_Modern_Math_Practice_Bank.tex,13,CAT Quant,Mixed,Unmapped,Beginner,TITA,full_parse,false,false,true
LATEX_CAT_QUANT_CAT_QUANT_MODERN_MATH_PRACTICE_BANK_X3A4S_Q014,content/cat/practice/latex_sources/CAT_Quant_Modern_Math_Practice_Bank.tex,14,CAT Quant,Mixed,Unmapped,Beginner,TITA,full_parse,false,false,true
LATEX_CAT_QUANT_CAT_QUANT_MODERN_MATH_PRACTICE_BANK_X3A4S_Q015,content/cat/practice/latex_sources/CAT_Quant_Modern_Math_Practice_Bank.tex,15,CAT Quant,Mixed,Unmapped,Beginner,TITA,full_parse,false,false,true
LATEX_CAT_QUANT_CAT_QUANT_MODERN_MATH_PRACTICE_BANK_X3A4S_Q016,content/cat/practice/latex_sources/CAT_Quant_Modern_Math_Practice_Bank.tex,16,CAT Quant,Mixed,Unmapped,Beginner,TITA,full_parse,false,false,true
LATEX_CAT_QUANT_CAT_QUANT_MODERN_MATH_PRACTICE_BANK_X3A4S_Q017,content/cat/practice/latex_sources/CAT_Quant_Modern_Math_Practice_Bank.tex,17,CAT Quant,Mixed,Unmapped,Beginner,TITA,full_parse,false,false,true
LATEX_CAT_QUANT_CAT_QUANT_MODERN_MATH_PRACTICE_BANK_X3A4S_Q018,content/cat/practice/latex_sources/CAT_Quant_Modern_Math_Practice_Bank.tex,18,CAT Quant,Mixed,Unmapped,Beginner,TITA,full_parse,false,false,true
LATEX_CAT_QUANT_CAT_QUANT_MODERN_MATH_PRACTICE_BANK_X3A4S_Q019,content/cat/practice/latex_sources/CAT_Quant_Modern_Math_Practice_Bank.tex,19,CAT Quant,Mixed,Unmapped,Beginner,TITA,full_parse,false,false,true
LATEX_CAT_QUANT_CAT_QUANT_MODERN_MATH_PRACTICE_BANK_X3A4S_Q020,content/cat/practice/latex_sources/CAT_Quant_Modern_Math_Practice_Bank.tex,20,CAT Quant,Mixed,Unmapped,Beginner,TITA,full_parse,false,false,true
LATEX_CAT_QUANT_CAT_QUANT_PRACTICE_POOL_ROKXV_Q001,content/cat/practice/latex_sources/CAT_Quant_Practice_Pool.tex,1,CAT Quant,Mixed,Unmapped,Beginner,TITA,full_parse,false,false,true
LATEX_CAT_QUANT_CAT_QUANT_PRACTICE_POOL_ROKXV_Q002,content/cat/practice/latex_sources/CAT_Quant_Practice_Pool.tex,2,CAT Quant,Mixed,Unmapped,Beginner,TITA,full_parse,false,false,true
LATEX_CAT_QUANT_CAT_QUANT_PRACTICE_POOL_ROKXV_Q003,content/cat/practice/latex_sources/CAT_Quant_Practice_Pool.tex,3,CAT Quant,Mixed,Unmapped,Beginner,TITA,full_parse,false,false,true
LATEX_CAT_QUANT_CAT_QUANT_PRACTICE_POOL_ROKXV_Q004,content/cat/practice/latex_sources/CAT_Quant_Practice_Pool.tex,4,CAT Quant,Mixed,Unmapped,Beginner,TITA,full_parse,false,false,true
LATEX_CAT_QUANT_CAT_QUANT_PRACTICE_POOL_ROKXV_Q005,content/cat/practice/latex_sources/CAT_Quant_Practice_Pool.tex,5,CAT Quant,Mixed,Unmapped,Beginner,TITA,full_parse,false,false,true
LATEX_CAT_QUANT_CAT_QUANT_PRACTICE_POOL_ROKXV_Q006,content/cat/practice/latex_sources/CAT_Quant_Practice_Pool.tex,6,CAT Quant,Mixed,Unmapped,Beginner,TITA,full_parse,false,false,true
LATEX_CAT_QUANT_CAT_QUANT_PRACTICE_POOL_ROKXV_Q007,content/cat/practice/latex_sources/CAT_Quant_Practice_Pool.tex,7,CAT Quant,Mixed,Unmapped,Beginner,TITA,full_parse,false,false,true
LATEX_CAT_QUANT_CAT_QUANT_PRACTICE_POOL_ROKXV_Q008,content/cat/practice/latex_sources/CAT_Quant_Practice_Pool.tex,8,CAT Quant,Mixed,Unmapped,Beginner,TITA,full_parse,false,false,true
LATEX_CAT_QUANT_CAT_QUANT_PRACTICE_POOL_ROKXV_Q009,content/cat/practice/latex_sources/CAT_Quant_Practice_Pool.tex,9,CAT Quant,Mixed,Unmapped,Beginner,TITA,full_parse,false,false,true
LATEX_CAT_QUANT_CAT_QUANT_PRACTICE_POOL_ROKXV_Q010,content/cat/practice/latex_sources/CAT_Quant_Practice_Pool.tex,10,CAT Quant,Mixed,Unmapped,Beginner,TITA,full_parse,false,false,true
LATEX_CAT_QUANT_CAT_QUANT_PRACTICE_POOL_ROKXV_Q011,content/cat/practice/latex_sources/CAT_Quant_Practice_Pool.tex,11,CAT Quant,Mixed,Unmapped,Beginner,TITA,full_parse,false,false,true
LATEX_CAT_QUANT_CAT_QUANT_PRACTICE_POOL_ROKXV_Q012,content/cat/practice/latex_sources/CAT_Quant_Practice_Pool.tex,12,CAT Quant,Mixed,Unmapped,Beginner,TITA,full_parse,false,false,true
LATEX_CAT_QUANT_CAT_QUANT_PRACTICE_POOL_ROKXV_Q013,content/cat/practice/latex_sources/CAT_Quant_Practice_Pool.tex,13,CAT Quant,Mixed,Unmapped,Beginner,TITA,full_parse,false,false,true
LATEX_CAT_QUANT_CAT_QUANT_PRACTICE_POOL_ROKXV_Q014,content/cat/practice/latex_sources/CAT_Quant_Practice_Pool.tex,14,CAT Quant,Mixed,Unmapped,Beginner,TITA,full_parse,false,false,true
LATEX_CAT_QUANT_CAT_QUANT_PRACTICE_POOL_ROKXV_Q015,content/cat/practice/latex_sources/CAT_Quant_Practice_Pool.tex,15,CAT Quant,Mixed,Unmapped,Beginner,TITA,full_parse,false,false,true
LATEX_CAT_QUANT_CAT_QUANT_PRACTICE_POOL_ROKXV_Q016,content/cat/practice/latex_sources/CAT_Quant_Practice_Pool.tex,16,CAT Quant,Mixed,Unmapped,Beginner,TITA,full_parse,false,false,true
LATEX_CAT_QUANT_CAT_QUANT_PRACTICE_POOL_ROKXV_Q017,content/cat/practice/latex_sources/CAT_Quant_Practice_Pool.tex,17,CAT Quant,Mixed,Unmapped,Beginner,TITA,full_parse,false,false,true
LATEX_CAT_QUANT_CAT_QUANT_PRACTICE_POOL_ROKXV_Q018,content/cat/practice/latex_sources/CAT_Quant_Practice_Pool.tex,18,CAT Quant,Mixed,Unmapped,Beginner,TITA,full_parse,false,false,true
LATEX_CAT_QUANT_CAT_QUANT_PRACTICE_POOL_ROKXV_Q019,content/cat/practice/latex_sources/CAT_Quant_Practice_Pool.tex,19,CAT Quant,Mixed,Unmapped,Beginner,TITA,full_parse,false,false,true
LATEX_CAT_QUANT_CAT_QUANT_PRACTICE_POOL_ROKXV_Q020,content/cat/practice/latex_sources/CAT_Quant_Practice_Pool.tex,20,CAT Quant,Mixed,Unmapped,Beginner,TITA,full_parse,false,false,true
LATEX_CAT_QUANT_CAT_QUANT_PRACTICE_POOL_ROKXV_Q021,content/cat/practice/latex_sources/CAT_Quant_Practice_Pool.tex,21,CAT Quant,Mixed,Unmapped,Beginner,TITA,full_parse,false,false,true
LATEX_CAT_QUANT_CAT_QUANT_PRACTICE_POOL_ROKXV_Q022,content/cat/practice/latex_sources/CAT_Quant_Practice_Pool.tex,22,CAT Quant,Mixed,Unmapped,Beginner,TITA,full_parse,false,false,true
LATEX_CAT_QUANT_CAT_QUANT_PRACTICE_POOL_ROKXV_Q023,content/cat/practice/latex_sources/CAT_Quant_Practice_Pool.tex,23,CAT Quant,Mixed,Unmapped,Beginner,TITA,full_parse,false,false,true
LATEX_CAT_QUANT_CAT_QUANT_PRACTICE_POOL_ROKXV_Q024,content/cat/practice/latex_sources/CAT_Quant_Practice_Pool.tex,24,CAT Quant,Mixed,Unmapped,Beginner,TITA,full_parse,false,false,true
LATEX_CAT_QUANT_CAT_QUANT_PRACTICE_POOL_ROKXV_Q025,content/cat/practice/latex_sources/CAT_Quant_Practice_Pool.tex,25,CAT Quant,Mixed,Unmapped,Beginner,TITA,full_parse,false,false,true
LATEX_CAT_QUANT_CAT_QUANT_PRACTICE_POOL_ROKXV_Q026,content/cat/practice/latex_sources/CAT_Quant_Practice_Pool.tex,26,CAT Quant,Mixed,Unmapped,Beginner,TITA,full_parse,false,false,true
LATEX_CAT_QUANT_CAT_QUANT_PRACTICE_POOL_ROKXV_Q027,content/cat/practice/latex_sources/CAT_Quant_Practice_Pool.tex,27,CAT Quant,Mixed,Unmapped,Beginner,TITA,full_parse,false,false,true
LATEX_CAT_QUANT_CAT_QUANT_PRACTICE_POOL_ROKXV_Q028,content/cat/practice/latex_sources/CAT_Quant_Practice_Pool.tex,28,CAT Quant,Mixed,Unmapped,Beginner,TITA,full_parse,false,false,true
LATEX_CAT_QUANT_CAT_QUANT_PRACTICE_POOL_ROKXV_Q029,content/cat/practice/latex_sources/CAT_Quant_Practice_Pool.tex,29,CAT Quant,Mixed,Unmapped,Beginner,TITA,full_parse,false,false,true
LATEX_CAT_QUANT_CAT_QUANT_PRACTICE_POOL_ROKXV_Q030,content/cat/practice/latex_sources/CAT_Quant_Practice_Pool.tex,30,CAT Quant,Mixed,Unmapped,Beginner,TITA,full_parse,false,false,true
LATEX_CAT_QUANT_CAT_QUANT_PRACTICE_POOL_ROKXV_Q031,content/cat/practice/latex_sources/CAT_Quant_Practice_Pool.tex,31,CAT Quant,Mixed,Unmapped,Beginner,TITA,full_parse,false,false,true
LATEX_CAT_QUANT_CAT_QUANT_PRACTICE_POOL_ROKXV_Q032,content/cat/practice/latex_sources/CAT_Quant_Practice_Pool.tex,32,CAT Quant,Mixed,Unmapped,Beginner,TITA,full_parse,false,false,true
LATEX_CAT_QUANT_CAT_QUANT_PRACTICE_POOL_ROKXV_Q033,content/cat/practice/latex_sources/CAT_Quant_Practice_Pool.tex,33,CAT Quant,Mixed,Unmapped,Beginner,TITA,full_parse,false,false,true
LATEX_CAT_QUANT_CAT_QUANT_PRACTICE_POOL_ROKXV_Q034,content/cat/practice/latex_sources/CAT_Quant_Practice_Pool.tex,34,CAT Quant,Mixed,Unmapped,Beginner,TITA,full_parse,false,false,true
LATEX_CAT_QUANT_CAT_QUANT_PRACTICE_POOL_ROKXV_Q035,content/cat/practice/latex_sources/CAT_Quant_Practice_Pool.tex,35,CAT Quant,Mixed,Unmapped,Beginner,TITA,full_parse,false,false,true
LATEX_CAT_QUANT_CAT_QUANT_PRACTICE_POOL_ROKXV_Q036,content/cat/practice/latex_sources/CAT_Quant_Practice_Pool.tex,36,CAT Quant,Mixed,Unmapped,Beginner,TITA,full_parse,false,false,true
LATEX_CAT_QUANT_CAT_QUANT_PRACTICE_POOL_ROKXV_Q037,content/cat/practice/latex_sources/CAT_Quant_Practice_Pool.tex,37,CAT Quant,Mixed,Unmapped,Beginner,TITA,full_parse,false,false,true
LATEX_CAT_QUANT_CAT_QUANT_PRACTICE_POOL_ROKXV_Q038,content/cat/practice/latex_sources/CAT_Quant_Practice_Pool.tex,38,CAT Quant,Mixed,Unmapped,Beginner,TITA,full_parse,false,false,true
LATEX_CAT_QUANT_CAT_QUANT_PRACTICE_POOL_ROKXV_Q039,content/cat/practice/latex_sources/CAT_Quant_Practice_Pool.tex,39,CAT Quant,Mixed,Unmapped,Beginner,TITA,full_parse,false,false,true
LATEX_CAT_QUANT_CAT_QUANT_PRACTICE_POOL_ROKXV_Q040,content/cat/practice/latex_sources/CAT_Quant_Practice_Pool.tex,40,CAT Quant,Mixed,Unmapped,Beginner,TITA,full_parse,false,false,true
LATEX_CAT_QUANT_CAT_QUANT_TOUGH_END_PRACTICE_BATCH_N2MHJ_Q001,content/cat/practice/latex_sources/CAT_Quant_Tough_End_Practice_Batch.tex,1,CAT Quant,Mixed,Unmapped,Beginner,TITA,full_parse,false,false,true
LATEX_CAT_QUANT_CAT_QUANT_TOUGH_END_PRACTICE_BATCH_N2MHJ_Q002,content/cat/practice/latex_sources/CAT_Quant_Tough_End_Practice_Batch.tex,2,CAT Quant,Mixed,Unmapped,Beginner,TITA,full_parse,false,false,true
LATEX_CAT_QUANT_CAT_QUANT_TOUGH_END_PRACTICE_BATCH_N2MHJ_Q003,content/cat/practice/latex_sources/CAT_Quant_Tough_End_Practice_Batch.tex,3,CAT Quant,Mixed,Unmapped,Beginner,TITA,full_parse,false,false,true
LATEX_CAT_QUANT_CAT_QUANT_TOUGH_END_PRACTICE_BATCH_N2MHJ_Q004,content/cat/practice/latex_sources/CAT_Quant_Tough_End_Practice_Batch.tex,4,CAT Quant,Mixed,Unmapped,Beginner,TITA,full_parse,false,false,true
LATEX_CAT_QUANT_CAT_QUANT_TOUGH_END_PRACTICE_BATCH_N2MHJ_Q005,content/cat/practice/latex_sources/CAT_Quant_Tough_End_Practice_Batch.tex,5,CAT Quant,Mixed,Unmapped,Beginner,TITA,full_parse,false,false,true
LATEX_CAT_QUANT_CAT_QUANT_TOUGH_END_PRACTICE_BATCH_N2MHJ_Q006,content/cat/practice/latex_sources/CAT_Quant_Tough_End_Practice_Batch.tex,6,CAT Quant,Mixed,Unmapped,Beginner,TITA,full_parse,false,false,true
LATEX_CAT_QUANT_CAT_QUANT_TOUGH_END_PRACTICE_BATCH_N2MHJ_Q007,content/cat/practice/latex_sources/CAT_Quant_Tough_End_Practice_Batch.tex,7,CAT Quant,Mixed,Unmapped,Beginner,TITA,full_parse,false,false,true
LATEX_CAT_QUANT_CAT_QUANT_TOUGH_END_PRACTICE_BATCH_N2MHJ_Q008,content/cat/practice/latex_sources/CAT_Quant_Tough_End_Practice_Batch.tex,8,CAT Quant,Mixed,Unmapped,Beginner,TITA,full_parse,false,false,true
LATEX_CAT_QUANT_CAT_QUANT_TOUGH_END_PRACTICE_BATCH_N2MHJ_Q009,content/cat/practice/latex_sources/CAT_Quant_Tough_End_Practice_Batch.tex,9,CAT Quant,Mixed,Unmapped,Beginner,TITA,full_parse,false,false,true
LATEX_CAT_QUANT_CAT_QUANT_TOUGH_END_PRACTICE_BATCH_N2MHJ_Q010,content/cat/practice/latex_sources/CAT_Quant_Tough_End_Practice_Batch.tex,10,CAT Quant,Mixed,Unmapped,Beginner,TITA,full_parse,false,false,true
LATEX_CAT_QUANT_CAT_QUANT_TOUGH_END_PRACTICE_BATCH_N2MHJ_Q011,content/cat/practice/latex_sources/CAT_Quant_Tough_End_Practice_Batch.tex,11,CAT Quant,Mixed,Unmapped,Beginner,TITA,full_parse,false,false,true
LATEX_CAT_QUANT_CAT_QUANT_TOUGH_END_PRACTICE_BATCH_N2MHJ_Q012,content/cat/practice/latex_sources/CAT_Quant_Tough_End_Practice_Batch.tex,12,CAT Quant,Mixed,Unmapped,Beginner,TITA,full_parse,false,false,true
LATEX_CAT_QUANT_CAT_QUANT_TOUGH_END_PRACTICE_BATCH_N2MHJ_Q013,content/cat/practice/latex_sources/CAT_Quant_Tough_End_Practice_Batch.tex,13,CAT Quant,Mixed,Unmapped,Beginner,TITA,full_parse,false,false,true
LATEX_CAT_QUANT_CAT_QUANT_TOUGH_END_PRACTICE_BATCH_N2MHJ_Q014,content/cat/practice/latex_sources/CAT_Quant_Tough_End_Practice_Batch.tex,14,CAT Quant,Mixed,Unmapped,Beginner,TITA,full_parse,false,false,true
LATEX_CAT_QUANT_CAT_QUANT_TOUGH_END_PRACTICE_BATCH_N2MHJ_Q015,content/cat/practice/latex_sources/CAT_Quant_Tough_End_Practice_Batch.tex,15,CAT Quant,Mixed,Unmapped,Beginner,TITA,full_parse,false,false,true
LATEX_CAT_QUANT_CAT_QUANT_VERIFIED_PRACTICE_BATCH_01_1_C5CWU_Q001,content/cat/practice/latex_sources/CAT_Quant_Verified_Practice_Batch_01 (1).tex,1,CAT Quant,Mixed,Unmapped,Beginner,TITA,full_parse,false,false,true
LATEX_CAT_QUANT_CAT_QUANT_VERIFIED_PRACTICE_BATCH_01_1_C5CWU_Q002,content/cat/practice/latex_sources/CAT_Quant_Verified_Practice_Batch_01 (1).tex,2,CAT Quant,Mixed,Unmapped,Beginner,TITA,full_parse,false,false,true
LATEX_CAT_QUANT_CAT_QUANT_VERIFIED_PRACTICE_BATCH_01_1_C5CWU_Q003,content/cat/practice/latex_sources/CAT_Quant_Verified_Practice_Batch_01 (1).tex,3,CAT Quant,Mixed,Unmapped,Beginner,TITA,full_parse,false,false,true
LATEX_CAT_QUANT_CAT_QUANT_VERIFIED_PRACTICE_BATCH_01_1_C5CWU_Q004,content/cat/practice/latex_sources/CAT_Quant_Verified_Practice_Batch_01 (1).tex,4,CAT Quant,Mixed,Unmapped,Beginner,TITA,full_parse,false,false,true
LATEX_CAT_QUANT_CAT_QUANT_VERIFIED_PRACTICE_BATCH_01_1_C5CWU_Q005,content/cat/practice/latex_sources/CAT_Quant_Verified_Practice_Batch_01 (1).tex,5,CAT Quant,Mixed,Unmapped,Beginner,TITA,full_parse,false,false,true
LATEX_CAT_QUANT_CAT_QUANT_VERIFIED_PRACTICE_BATCH_01_1_C5CWU_Q006,content/cat/practice/latex_sources/CAT_Quant_Verified_Practice_Batch_01 (1).tex,6,CAT Quant,Mixed,Unmapped,Beginner,TITA,full_parse,false,false,true
LATEX_CAT_QUANT_CAT_QUANT_VERIFIED_PRACTICE_BATCH_01_1_C5CWU_Q007,content/cat/practice/latex_sources/CAT_Quant_Verified_Practice_Batch_01 (1).tex,7,CAT Quant,Mixed,Unmapped,Beginner,TITA,full_parse,false,false,true
LATEX_CAT_QUANT_CAT_QUANT_VERIFIED_PRACTICE_BATCH_01_1_C5CWU_Q008,content/cat/practice/latex_sources/CAT_Quant_Verified_Practice_Batch_01 (1).tex,8,CAT Quant,Mixed,Unmapped,Beginner,TITA,full_parse,false,false,true
LATEX_CAT_QUANT_CAT_QUANT_VERIFIED_PRACTICE_BATCH_01_1_C5CWU_Q009,content/cat/practice/latex_sources/CAT_Quant_Verified_Practice_Batch_01 (1).tex,9,CAT Quant,Mixed,Unmapped,Beginner,TITA,full_parse,false,false,true
LATEX_CAT_QUANT_CAT_QUANT_VERIFIED_PRACTICE_BATCH_01_1_C5CWU_Q010,content/cat/practice/latex_sources/CAT_Quant_Verified_Practice_Batch_01 (1).tex,10,CAT Quant,Mixed,Unmapped,Beginner,TITA,full_parse,false,false,true
LATEX_CAT_QUANT_CAT_QUANT_VERIFIED_PRACTICE_BATCH_01_1_C5CWU_Q011,content/cat/practice/latex_sources/CAT_Quant_Verified_Practice_Batch_01 (1).tex,11,CAT Quant,Mixed,Unmapped,Beginner,TITA,full_parse,false,false,true
LATEX_CAT_QUANT_CAT_QUANT_VERIFIED_PRACTICE_BATCH_01_1_C5CWU_Q012,content/cat/practice/latex_sources/CAT_Quant_Verified_Practice_Batch_01 (1).tex,12,CAT Quant,Mixed,Unmapped,Beginner,TITA,full_parse,false,false,true
LATEX_CAT_QUANT_CAT_QUANT_VERIFIED_PRACTICE_BATCH_01_1_C5CWU_Q013,content/cat/practice/latex_sources/CAT_Quant_Verified_Practice_Batch_01 (1).tex,13,CAT Quant,Mixed,Unmapped,Beginner,TITA,full_parse,false,false,true
LATEX_CAT_QUANT_CAT_QUANT_VERIFIED_PRACTICE_BATCH_01_1_C5CWU_Q014,content/cat/practice/latex_sources/CAT_Quant_Verified_Practice_Batch_01 (1).tex,14,CAT Quant,Mixed,Unmapped,Beginner,TITA,full_parse,false,false,true
LATEX_CAT_QUANT_CAT_QUANT_VERIFIED_PRACTICE_BATCH_01_1_C5CWU_Q015,content/cat/practice/latex_sources/CAT_Quant_Verified_Practice_Batch_01 (1).tex,15,CAT Quant,Mixed,Unmapped,Beginner,TITA,full_parse,false,false,true
LATEX_CAT_QUANT_CAT_QUANT_VERIFIED_PRACTICE_BATCH_01_1_WGXRU_Q001,content/cat/practice/latex_sources/CAT_Quant_Verified_Practice_Batch_01(1).tex,1,CAT Quant,Mixed,Unmapped,Beginner,TITA,full_parse,false,false,true
LATEX_CAT_QUANT_CAT_QUANT_VERIFIED_PRACTICE_BATCH_01_1_WGXRU_Q002,content/cat/practice/latex_sources/CAT_Quant_Verified_Practice_Batch_01(1).tex,2,CAT Quant,Mixed,Unmapped,Beginner,TITA,full_parse,false,false,true
LATEX_CAT_QUANT_CAT_QUANT_VERIFIED_PRACTICE_BATCH_01_1_WGXRU_Q003,content/cat/practice/latex_sources/CAT_Quant_Verified_Practice_Batch_01(1).tex,3,CAT Quant,Mixed,Unmapped,Beginner,TITA,full_parse,false,false,true
LATEX_CAT_QUANT_CAT_QUANT_VERIFIED_PRACTICE_BATCH_01_1_WGXRU_Q004,content/cat/practice/latex_sources/CAT_Quant_Verified_Practice_Batch_01(1).tex,4,CAT Quant,Mixed,Unmapped,Beginner,TITA,full_parse,false,false,true
LATEX_CAT_QUANT_CAT_QUANT_VERIFIED_PRACTICE_BATCH_01_1_WGXRU_Q005,content/cat/practice/latex_sources/CAT_Quant_Verified_Practice_Batch_01(1).tex,5,CAT Quant,Mixed,Unmapped,Beginner,TITA,full_parse,false,false,true
LATEX_CAT_QUANT_CAT_QUANT_VERIFIED_PRACTICE_BATCH_01_1_WGXRU_Q006,content/cat/practice/latex_sources/CAT_Quant_Verified_Practice_Batch_01(1).tex,6,CAT Quant,Mixed,Unmapped,Beginner,TITA,full_parse,false,false,true
LATEX_CAT_QUANT_CAT_QUANT_VERIFIED_PRACTICE_BATCH_01_1_WGXRU_Q007,content/cat/practice/latex_sources/CAT_Quant_Verified_Practice_Batch_01(1).tex,7,CAT Quant,Mixed,Unmapped,Beginner,TITA,full_parse,false,false,true
LATEX_CAT_QUANT_CAT_QUANT_VERIFIED_PRACTICE_BATCH_01_1_WGXRU_Q008,content/cat/practice/latex_sources/CAT_Quant_Verified_Practice_Batch_01(1).tex,8,CAT Quant,Mixed,Unmapped,Beginner,TITA,full_parse,false,false,true
LATEX_CAT_QUANT_CAT_QUANT_VERIFIED_PRACTICE_BATCH_01_1_WGXRU_Q009,content/cat/practice/latex_sources/CAT_Quant_Verified_Practice_Batch_01(1).tex,9,CAT Quant,Mixed,Unmapped,Beginner,TITA,full_parse,false,false,true
LATEX_CAT_QUANT_CAT_QUANT_VERIFIED_PRACTICE_BATCH_01_1_WGXRU_Q010,content/cat/practice/latex_sources/CAT_Quant_Verified_Practice_Batch_01(1).tex,10,CAT Quant,Mixed,Unmapped,Beginner,TITA,full_parse,false,false,true
LATEX_CAT_QUANT_CAT_QUANT_VERIFIED_PRACTICE_BATCH_01_1_WGXRU_Q011,content/cat/practice/latex_sources/CAT_Quant_Verified_Practice_Batch_01(1).tex,11,CAT Quant,Mixed,Unmapped,Beginner,TITA,full_parse,false,false,true
LATEX_CAT_QUANT_CAT_QUANT_VERIFIED_PRACTICE_BATCH_01_1_WGXRU_Q012,content/cat/practice/latex_sources/CAT_Quant_Verified_Practice_Batch_01(1).tex,12,CAT Quant,Mixed,Unmapped,Beginner,TITA,full_parse,false,false,true
LATEX_CAT_QUANT_CAT_QUANT_VERIFIED_PRACTICE_BATCH_01_1_WGXRU_Q013,content/cat/practice/latex_sources/CAT_Quant_Verified_Practice_Batch_01(1).tex,13,CAT Quant,Mixed,Unmapped,Beginner,TITA,full_parse,false,false,true
LATEX_CAT_QUANT_CAT_QUANT_VERIFIED_PRACTICE_BATCH_01_1_WGXRU_Q014,content/cat/practice/latex_sources/CAT_Quant_Verified_Practice_Batch_01(1).tex,14,CAT Quant,Mixed,Unmapped,Beginner,TITA,full_parse,false,false,true
LATEX_CAT_QUANT_CAT_QUANT_VERIFIED_PRACTICE_BATCH_01_1_WGXRU_Q015,content/cat/practice/latex_sources/CAT_Quant_Verified_Practice_Batch_01(1).tex,15,CAT Quant,Mixed,Unmapped,Beginner,TITA,full_parse,false,false,true
LATEX_CAT_QUANT_MAIN_1ZO3D_Q001,content/cat/practice/latex_sources/main.tex,1,Arithmetic,Time,Speed & Distance -- Hard,Intermediate,MCQ,full_parse,false,false,true
LATEX_CAT_QUANT_MAIN_1ZO3D_Q002,content/cat/practice/latex_sources/main.tex,2,Arithmetic,Mixtures & Replacement,Arithmetic -- Mixtures & Replacement -- Very Hard,Advanced,TITA,full_parse,false,false,true
LATEX_CAT_QUANT_MAIN_1ZO3D_Q003,content/cat/practice/latex_sources/main.tex,3,Arithmetic,Profit,Loss & Discount -- Medium-Hard,Intermediate,MCQ,full_parse,false,false,true
LATEX_CAT_QUANT_MAIN_1ZO3D_Q004,content/cat/practice/latex_sources/main.tex,4,Arithmetic,Time & Work,Arithmetic -- Time & Work -- Hard,Intermediate,TITA,full_parse,false,false,true
LATEX_CAT_QUANT_MAIN_1ZO3D_Q005,content/cat/practice/latex_sources/main.tex,5,Arithmetic,Averages & Ratios,Arithmetic -- Averages & Ratios -- Hard,Intermediate,MCQ,full_parse,false,false,true
LATEX_CAT_QUANT_MAIN_1ZO3D_Q006,content/cat/practice/latex_sources/main.tex,6,Algebra,Functions & Substitution,Algebra -- Functions & Substitution -- Hard,Intermediate,MCQ,full_parse,false,false,true
LATEX_CAT_QUANT_MAIN_1ZO3D_Q007,content/cat/practice/latex_sources/main.tex,7,Algebra,Logarithms & Inequalities,Algebra -- Logarithms & Inequalities -- Hard,Intermediate,TITA,full_parse,false,false,true
LATEX_CAT_QUANT_MAIN_1ZO3D_Q008,content/cat/practice/latex_sources/main.tex,8,Algebra,Quadratics & Integer Constraints,Algebra -- Quadratics & Integer Constraints -- Very Hard,Advanced,MCQ,full_parse,false,false,true
LATEX_CAT_QUANT_MAIN_1ZO3D_Q009,content/cat/practice/latex_sources/main.tex,9,Algebra,Sequences & Series,Algebra -- Sequences & Series -- Medium-Hard,Intermediate,MCQ,full_parse,false,false,true
LATEX_CAT_QUANT_MAIN_1ZO3D_Q010,content/cat/practice/latex_sources/main.tex,10,Number System,Divisibility & Counting,Number System -- Divisibility & Counting -- Hard,Intermediate,TITA,full_parse,false,false,true
LATEX_CAT_QUANT_MAIN_1ZO3D_Q011,content/cat/practice/latex_sources/main.tex,11,Number System,Remainders & Modular Arithmetic,Number System -- Remainders & Modular Arithmetic -- Hard,Intermediate,MCQ,full_parse,false,false,true
LATEX_CAT_QUANT_MAIN_1ZO3D_Q012,content/cat/practice/latex_sources/main.tex,12,Number System,Digits & Factorials,Number System -- Digits & Factorials -- Very Hard,Advanced,TITA,full_parse,false,false,true
LATEX_CAT_QUANT_MAIN_1ZO3D_Q013,content/cat/practice/latex_sources/main.tex,13,Geometry,Triangles & Ratios,Geometry -- Triangles & Ratios -- Hard,Intermediate,MCQ,full_parse,false,false,true
LATEX_CAT_QUANT_MAIN_1ZO3D_Q014,content/cat/practice/latex_sources/main.tex,14,Geometry,Circles & Tangents,Geometry -- Circles & Tangents -- Medium-Hard,Intermediate,MCQ,full_parse,false,false,true
LATEX_CAT_QUANT_MAIN_1ZO3D_Q015,content/cat/practice/latex_sources/main.tex,15,Mensuration,3D Solids,Mensuration -- 3D Solids -- Hard,Intermediate,TITA,full_parse,false,false,true